JmeterDSukku015,Sukku015
JmeterDSukku016,Sukku016
JmeterDSukku017,Sukku017
JmeterDSukku018,Sukku018
JmeterDSukku019,Sukku019
JmeterDSukku020,Sukku020
JmeterDSukku021,Sukku021
JmeterDSukku022,Sukku022
JmeterDSukku023,Sukku023
JmeterDSukku024,Sukku024
JmeterDSukku025,Sukku025
JmeterDSukku026,Sukku026
JmeterDSukku027,Sukku027
JmeterDSukku028,Sukku028
JmeterDSukku029,Sukku029
JmeterDSukku030,Sukku030
JmeterDSukku031,Sukku031
JmeterDSukku032,Sukku032
JmeterDSukku033,Sukku033
JmeterDSukku034,Sukku034
JmeterDSukku035,Sukku035
JmeterDSukku036,Sukku036
JmeterDSukku037,Sukku037
JmeterDSukku038,Sukku038
JmeterDSukku039,Sukku039
JmeterDSukku040,Sukku040
JmeterDSukku041,Sukku041
JmeterDSukku042,Sukku042
JmeterDSukku043,Sukku043
JmeterDSukku044,Sukku044
JmeterDSukku045,Sukku045
JmeterDSukku046,Sukku046
JmeterDSukku047,Sukku047
JmeterDSukku048,Sukku048
JmeterDSukku049,Sukku049
JmeterDSukku050,Sukku050
JmeterDSukku051,Sukku051
JmeterDSukku052,Sukku052
JmeterDSukku053,Sukku053
JmeterDSukku054,Sukku054
JmeterDSukku055,Sukku055
JmeterDSukku056,Sukku056
JmeterDSukku057,Sukku057
JmeterDSukku058,Sukku058
JmeterDSukku059,Sukku059
JmeterDSukku060,Sukku060
JmeterDSukku061,Sukku061
JmeterDSukku062,Sukku062
JmeterDSukku063,Sukku063
JmeterDSukku064,Sukku064
JmeterDSukku065,Sukku065
JmeterDSukku066,Sukku066
JmeterDSukku067,Sukku067
JmeterDSukku068,Sukku068
JmeterDSukku069,Sukku069
JmeterDSukku070,Sukku070
JmeterDSukku071,Sukku071
JmeterDSukku072,Sukku072
JmeterDSukku073,Sukku073
JmeterDSukku074,Sukku074
JmeterDSukku075,Sukku075
JmeterDSukku076,Sukku076
JmeterDSukku077,Sukku077
JmeterDSukku078,Sukku078
JmeterDSukku079,Sukku079
JmeterDSukku080,Sukku080
JmeterDSukku081,Sukku081
JmeterDSukku082,Sukku082
JmeterDSukku083,Sukku083
JmeterDSukku084,Sukku084
JmeterDSukku085,Sukku085
JmeterDSukku086,Sukku086
JmeterDSukku087,Sukku087
JmeterDSukku088,Sukku088
JmeterDSukku089,Sukku089
JmeterDSukku090,Sukku090
JmeterDSukku091,Sukku091
JmeterDSukku092,Sukku092
JmeterDSukku093,Sukku093
JmeterDSukku094,Sukku094
JmeterDSukku095,Sukku095
JmeterDSukku096,Sukku096
JmeterDSukku097,Sukku097
JmeterDSukku098,Sukku098
JmeterDSukku099,Sukku099
JmeterDSukku100,Sukku100
JmeterDSukku101,Sukku101
JmeterDSukku102,Sukku102
JmeterDSukku103,Sukku103
JmeterDSukku104,Sukku104
JmeterDSukku105,Sukku105
JmeterDSukku106,Sukku106
JmeterDSukku107,Sukku107
JmeterDSukku108,Sukku108
JmeterDSukku109,Sukku109
JmeterDSukku110,Sukku110
JmeterDSukku111,Sukku111
JmeterDSukku112,Sukku112
JmeterDSukku113,Sukku113
JmeterDSukku114,Sukku114
JmeterDSukku115,Sukku115
JmeterDSukku116,Sukku116
JmeterDSukku117,Sukku117
JmeterDSukku118,Sukku118
JmeterDSukku119,Sukku119
JmeterDSukku120,Sukku120
JmeterDSukku121,Sukku121
JmeterDSukku122,Sukku122
JmeterDSukku123,Sukku123
JmeterDSukku124,Sukku124
JmeterDSukku125,Sukku125
JmeterDSukku126,Sukku126
JmeterDSukku127,Sukku127
JmeterDSukku128,Sukku128
JmeterDSukku129,Sukku129
JmeterDSukku130,Sukku130
JmeterDSukku131,Sukku131
JmeterDSukku132,Sukku132
JmeterDSukku133,Sukku133
JmeterDSukku134,Sukku134
JmeterDSukku135,Sukku135
JmeterDSukku136,Sukku136
JmeterDSukku137,Sukku137
JmeterDSukku138,Sukku138
JmeterDSukku139,Sukku139
JmeterDSukku140,Sukku140
JmeterDSukku141,Sukku141
JmeterDSukku142,Sukku142
JmeterDSukku143,Sukku143
JmeterDSukku144,Sukku144
JmeterDSukku145,Sukku145
JmeterDSukku146,Sukku146
JmeterDSukku147,Sukku147
JmeterDSukku148,Sukku148
JmeterDSukku149,Sukku149
JmeterDSukku150,Sukku150
JmeterDSukku151,Sukku151
JmeterDSukku152,Sukku152
JmeterDSukku153,Sukku153
JmeterDSukku154,Sukku154
JmeterDSukku155,Sukku155
JmeterDSukku156,Sukku156
JmeterDSukku157,Sukku157
JmeterDSukku158,Sukku158
JmeterDSukku159,Sukku159
JmeterDSukku160,Sukku160
JmeterDSukku161,Sukku161
JmeterDSukku162,Sukku162
JmeterDSukku163,Sukku163
JmeterDSukku164,Sukku164
JmeterDSukku165,Sukku165
JmeterDSukku166,Sukku166
JmeterDSukku167,Sukku167
JmeterDSukku168,Sukku168
JmeterDSukku169,Sukku169
JmeterDSukku170,Sukku170
JmeterDSukku171,Sukku171
JmeterDSukku172,Sukku172
JmeterDSukku173,Sukku173
JmeterDSukku174,Sukku174
JmeterDSukku175,Sukku175
JmeterDSukku176,Sukku176
JmeterDSukku177,Sukku177
JmeterDSukku178,Sukku178
JmeterDSukku179,Sukku179
JmeterDSukku180,Sukku180
JmeterDSukku181,Sukku181
JmeterDSukku182,Sukku182
JmeterDSukku183,Sukku183
JmeterDSukku184,Sukku184
JmeterDSukku185,Sukku185
JmeterDSukku186,Sukku186
JmeterDSukku187,Sukku187
JmeterDSukku188,Sukku188
JmeterDSukku189,Sukku189
JmeterDSukku190,Sukku190
JmeterDSukku191,Sukku191
JmeterDSukku192,Sukku192
JmeterDSukku193,Sukku193
JmeterDSukku194,Sukku194
JmeterDSukku195,Sukku195
JmeterDSukku196,Sukku196
JmeterDSukku197,Sukku197
JmeterDSukku198,Sukku198
JmeterDSukku199,Sukku199
JmeterDSukku200,Sukku200
JmeterDSukku201,Sukku201
JmeterDSukku202,Sukku202
JmeterDSukku203,Sukku203
JmeterDSukku204,Sukku204
JmeterDSukku205,Sukku205
JmeterDSukku206,Sukku206
JmeterDSukku207,Sukku207
JmeterDSukku208,Sukku208
JmeterDSukku209,Sukku209
JmeterDSukku210,Sukku210
JmeterDSukku211,Sukku211
JmeterDSukku212,Sukku212
JmeterDSukku213,Sukku213
JmeterDSukku214,Sukku214
JmeterDSukku215,Sukku215
JmeterDSukku216,Sukku216
JmeterDSukku217,Sukku217
JmeterDSukku218,Sukku218
JmeterDSukku219,Sukku219
JmeterDSukku220,Sukku220
JmeterDSukku221,Sukku221
JmeterDSukku222,Sukku222
JmeterDSukku223,Sukku223
JmeterDSukku224,Sukku224
JmeterDSukku225,Sukku225
JmeterDSukku226,Sukku226
JmeterDSukku227,Sukku227
JmeterDSukku228,Sukku228
JmeterDSukku229,Sukku229
JmeterDSukku230,Sukku230
JmeterDSukku231,Sukku231
JmeterDSukku232,Sukku232
JmeterDSukku233,Sukku233
JmeterDSukku234,Sukku234
JmeterDSukku235,Sukku235
JmeterDSukku236,Sukku236
JmeterDSukku237,Sukku237
JmeterDSukku238,Sukku238
JmeterDSukku239,Sukku239
JmeterDSukku240,Sukku240
JmeterDSukku241,Sukku241
JmeterDSukku242,Sukku242
JmeterDSukku243,Sukku243
JmeterDSukku244,Sukku244
JmeterDSukku245,Sukku245
JmeterDSukku246,Sukku246
JmeterDSukku247,Sukku247
JmeterDSukku248,Sukku248
JmeterDSukku249,Sukku249
JmeterDSukku250,Sukku250
JmeterDSukku251,Sukku251
JmeterDSukku252,Sukku252
JmeterDSukku253,Sukku253
JmeterDSukku254,Sukku254
JmeterDSukku255,Sukku255
JmeterDSukku256,Sukku256
JmeterDSukku257,Sukku257
JmeterDSukku258,Sukku258
JmeterDSukku259,Sukku259
JmeterDSukku260,Sukku260
JmeterDSukku261,Sukku261
JmeterDSukku262,Sukku262
JmeterDSukku263,Sukku263
JmeterDSukku264,Sukku264
JmeterDSukku265,Sukku265
JmeterDSukku266,Sukku266
JmeterDSukku267,Sukku267
JmeterDSukku268,Sukku268
JmeterDSukku269,Sukku269
JmeterDSukku270,Sukku270
JmeterDSukku271,Sukku271
JmeterDSukku272,Sukku272
JmeterDSukku273,Sukku273
JmeterDSukku274,Sukku274
JmeterDSukku275,Sukku275
JmeterDSukku276,Sukku276
JmeterDSukku277,Sukku277
JmeterDSukku278,Sukku278
JmeterDSukku279,Sukku279
JmeterDSukku280,Sukku280
JmeterDSukku281,Sukku281
JmeterDSukku282,Sukku282
JmeterDSukku283,Sukku283
JmeterDSukku284,Sukku284
JmeterDSukku285,Sukku285
JmeterDSukku286,Sukku286
JmeterDSukku287,Sukku287
JmeterDSukku288,Sukku288
JmeterDSukku289,Sukku289
JmeterDSukku290,Sukku290
JmeterDSukku291,Sukku291
JmeterDSukku292,Sukku292
JmeterDSukku293,Sukku293
JmeterDSukku294,Sukku294
JmeterDSukku295,Sukku295
JmeterDSukku296,Sukku296
JmeterDSukku297,Sukku297
JmeterDSukku298,Sukku298
JmeterDSukku299,Sukku299
JmeterDSukku300,Sukku300
JmeterDSukku301,Sukku301
JmeterDSukku302,Sukku302
JmeterDSukku303,Sukku303
JmeterDSukku304,Sukku304
JmeterDSukku305,Sukku305
JmeterDSukku306,Sukku306
JmeterDSukku307,Sukku307
JmeterDSukku308,Sukku308
JmeterDSukku309,Sukku309
JmeterDSukku310,Sukku310
JmeterDSukku311,Sukku311
JmeterDSukku312,Sukku312
JmeterDSukku313,Sukku313
JmeterDSukku314,Sukku314
JmeterDSukku315,Sukku315
JmeterDSukku316,Sukku316
JmeterDSukku317,Sukku317
JmeterDSukku318,Sukku318
JmeterDSukku319,Sukku319
JmeterDSukku320,Sukku320
JmeterDSukku321,Sukku321
JmeterDSukku322,Sukku322
JmeterDSukku323,Sukku323
JmeterDSukku324,Sukku324
JmeterDSukku325,Sukku325
JmeterDSukku326,Sukku326
JmeterDSukku327,Sukku327
JmeterDSukku328,Sukku328
JmeterDSukku329,Sukku329
JmeterDSukku330,Sukku330
JmeterDSukku331,Sukku331
JmeterDSukku332,Sukku332
JmeterDSukku333,Sukku333
JmeterDSukku334,Sukku334
JmeterDSukku335,Sukku335
JmeterDSukku336,Sukku336
JmeterDSukku337,Sukku337
JmeterDSukku338,Sukku338
JmeterDSukku339,Sukku339
JmeterDSukku340,Sukku340
JmeterDSukku341,Sukku341
JmeterDSukku342,Sukku342
JmeterDSukku343,Sukku343
JmeterDSukku344,Sukku344
JmeterDSukku345,Sukku345
JmeterDSukku346,Sukku346
JmeterDSukku347,Sukku347
JmeterDSukku348,Sukku348
JmeterDSukku349,Sukku349
JmeterDSukku350,Sukku350
JmeterDSukku351,Sukku351
JmeterDSukku352,Sukku352
JmeterDSukku353,Sukku353
JmeterDSukku354,Sukku354
JmeterDSukku355,Sukku355
JmeterDSukku356,Sukku356
JmeterDSukku357,Sukku357
JmeterDSukku358,Sukku358
JmeterDSukku359,Sukku359
JmeterDSukku360,Sukku360
JmeterDSukku361,Sukku361
JmeterDSukku362,Sukku362
JmeterDSukku363,Sukku363
JmeterDSukku364,Sukku364
JmeterDSukku365,Sukku365
JmeterDSukku366,Sukku366
JmeterDSukku367,Sukku367
JmeterDSukku368,Sukku368
JmeterDSukku369,Sukku369
JmeterDSukku370,Sukku370
JmeterDSukku371,Sukku371
JmeterDSukku372,Sukku372
JmeterDSukku373,Sukku373
JmeterDSukku374,Sukku374
JmeterDSukku375,Sukku375
JmeterDSukku376,Sukku376
JmeterDSukku377,Sukku377
JmeterDSukku378,Sukku378
JmeterDSukku379,Sukku379
JmeterDSukku380,Sukku380
JmeterDSukku381,Sukku381
JmeterDSukku382,Sukku382
JmeterDSukku383,Sukku383
JmeterDSukku384,Sukku384
JmeterDSukku385,Sukku385
JmeterDSukku386,Sukku386
JmeterDSukku387,Sukku387
JmeterDSukku388,Sukku388
JmeterDSukku389,Sukku389
JmeterDSukku390,Sukku390
JmeterDSukku391,Sukku391
JmeterDSukku392,Sukku392
JmeterDSukku393,Sukku393
JmeterDSukku394,Sukku394
JmeterDSukku395,Sukku395
JmeterDSukku396,Sukku396
JmeterDSukku397,Sukku397
JmeterDSukku398,Sukku398
JmeterDSukku399,Sukku399
JmeterDSukku400,Sukku400
JmeterDSukku401,Sukku401
JmeterDSukku402,Sukku402
JmeterDSukku403,Sukku403
JmeterDSukku404,Sukku404
JmeterDSukku405,Sukku405
JmeterDSukku406,Sukku406
JmeterDSukku407,Sukku407
JmeterDSukku408,Sukku408
JmeterDSukku409,Sukku409
JmeterDSukku410,Sukku410
JmeterDSukku411,Sukku411
JmeterDSukku412,Sukku412
JmeterDSukku413,Sukku413
JmeterDSukku414,Sukku414
JmeterDSukku415,Sukku415
JmeterDSukku416,Sukku416
JmeterDSukku417,Sukku417
JmeterDSukku418,Sukku418
JmeterDSukku419,Sukku419
JmeterDSukku420,Sukku420
JmeterDSukku421,Sukku421
JmeterDSukku422,Sukku422
JmeterDSukku423,Sukku423
JmeterDSukku424,Sukku424
JmeterDSukku425,Sukku425
JmeterDSukku426,Sukku426
JmeterDSukku427,Sukku427
JmeterDSukku428,Sukku428
JmeterDSukku429,Sukku429
JmeterDSukku430,Sukku430
JmeterDSukku431,Sukku431
JmeterDSukku432,Sukku432
JmeterDSukku433,Sukku433
JmeterDSukku434,Sukku434
JmeterDSukku435,Sukku435
JmeterDSukku436,Sukku436
JmeterDSukku437,Sukku437
JmeterDSukku438,Sukku438
JmeterDSukku439,Sukku439
JmeterDSukku440,Sukku440
JmeterDSukku441,Sukku441
JmeterDSukku442,Sukku442
JmeterDSukku443,Sukku443
JmeterDSukku444,Sukku444
JmeterDSukku445,Sukku445
JmeterDSukku446,Sukku446
JmeterDSukku447,Sukku447
JmeterDSukku448,Sukku448
JmeterDSukku449,Sukku449
JmeterDSukku450,Sukku450
JmeterDSukku451,Sukku451
JmeterDSukku452,Sukku452
JmeterDSukku453,Sukku453
JmeterDSukku454,Sukku454
JmeterDSukku455,Sukku455
JmeterDSukku456,Sukku456
JmeterDSukku457,Sukku457
JmeterDSukku458,Sukku458
JmeterDSukku459,Sukku459
JmeterDSukku460,Sukku460
JmeterDSukku461,Sukku461
JmeterDSukku462,Sukku462
JmeterDSukku463,Sukku463
JmeterDSukku464,Sukku464
JmeterDSukku465,Sukku465
JmeterDSukku466,Sukku466
JmeterDSukku467,Sukku467
JmeterDSukku468,Sukku468
JmeterDSukku469,Sukku469
JmeterDSukku470,Sukku470
JmeterDSukku471,Sukku471
JmeterDSukku472,Sukku472
JmeterDSukku473,Sukku473
JmeterDSukku474,Sukku474
JmeterDSukku475,Sukku475
JmeterDSukku476,Sukku476
JmeterDSukku477,Sukku477
JmeterDSukku478,Sukku478
JmeterDSukku479,Sukku479
JmeterDSukku480,Sukku480
JmeterDSukku481,Sukku481
JmeterDSukku482,Sukku482
JmeterDSukku483,Sukku483
JmeterDSukku484,Sukku484
JmeterDSukku485,Sukku485
JmeterDSukku486,Sukku486
JmeterDSukku487,Sukku487
JmeterDSukku488,Sukku488
JmeterDSukku489,Sukku489

